{
    "roc_auc": 0.5925,
    "pr_auc": 0.5159493593281543,
    "f1": 0.48484848484848486,
    "accuracy": 0.5853658536585366,
    "recall": 0.5,
    "precision": 0.47058823529411764
}