{
    "roc_auc": 0.6375000000000001,
    "pr_auc": 0.6599050185584566,
    "f1": 0.5,
    "accuracy": 0.7073170731707317,
    "recall": 0.375,
    "precision": 0.75
}