Factor,Points,p_value
Hypertension,1,0.05612670974056949
Smoking History,1,0.0719597216643929
